GEO.id,Id
GEO.id2,Id2
GEO.display-label,Geography
HD01_VD01,Estimate; Total:
HD02_VD01,Margin of Error; Total:
HD01_VD02,"Estimate; Under $25,000:"
HD02_VD02,"Margin of Error; Under $25,000:"
HD01_VD03,"Estimate; Under $25,000: - With health insurance coverage"
HD02_VD03,"Margin of Error; Under $25,000: - With health insurance coverage"
HD01_VD04,"Estimate; Under $25,000: - With health insurance coverage - With private health insurance"
HD02_VD04,"Margin of Error; Under $25,000: - With health insurance coverage - With private health insurance"
HD01_VD05,"Estimate; Under $25,000: - With health insurance coverage - With public coverage"
HD02_VD05,"Margin of Error; Under $25,000: - With health insurance coverage - With public coverage"
HD01_VD06,"Estimate; Under $25,000: - No health insurance coverage"
HD02_VD06,"Margin of Error; Under $25,000: - No health insurance coverage"
HD01_VD07,"Estimate; $25,000 to $49,999:"
HD02_VD07,"Margin of Error; $25,000 to $49,999:"
HD01_VD08,"Estimate; $25,000 to $49,999: - With health insurance coverage"
HD02_VD08,"Margin of Error; $25,000 to $49,999: - With health insurance coverage"
HD01_VD09,"Estimate; $25,000 to $49,999: - With health insurance coverage - With private health insurance"
HD02_VD09,"Margin of Error; $25,000 to $49,999: - With health insurance coverage - With private health insurance"
HD01_VD10,"Estimate; $25,000 to $49,999: - With health insurance coverage - With public coverage"
HD02_VD10,"Margin of Error; $25,000 to $49,999: - With health insurance coverage - With public coverage"
HD01_VD11,"Estimate; $25,000 to $49,999: - No health insurance coverage"
HD02_VD11,"Margin of Error; $25,000 to $49,999: - No health insurance coverage"
HD01_VD12,"Estimate; $50,000 to $74,999:"
HD02_VD12,"Margin of Error; $50,000 to $74,999:"
HD01_VD13,"Estimate; $50,000 to $74,999: - With health insurance coverage"
HD02_VD13,"Margin of Error; $50,000 to $74,999: - With health insurance coverage"
HD01_VD14,"Estimate; $50,000 to $74,999: - With health insurance coverage - With private health insurance"
HD02_VD14,"Margin of Error; $50,000 to $74,999: - With health insurance coverage - With private health insurance"
HD01_VD15,"Estimate; $50,000 to $74,999: - With health insurance coverage - With public coverage"
HD02_VD15,"Margin of Error; $50,000 to $74,999: - With health insurance coverage - With public coverage"
HD01_VD16,"Estimate; $50,000 to $74,999: - No health insurance coverage"
HD02_VD16,"Margin of Error; $50,000 to $74,999: - No health insurance coverage"
HD01_VD17,"Estimate; $75,000 to $99,999:"
HD02_VD17,"Margin of Error; $75,000 to $99,999:"
HD01_VD18,"Estimate; $75,000 to $99,999: - With health insurance coverage"
HD02_VD18,"Margin of Error; $75,000 to $99,999: - With health insurance coverage"
HD01_VD19,"Estimate; $75,000 to $99,999: - With health insurance coverage - With private health insurance"
HD02_VD19,"Margin of Error; $75,000 to $99,999: - With health insurance coverage - With private health insurance"
HD01_VD20,"Estimate; $75,000 to $99,999: - With health insurance coverage - With public coverage"
HD02_VD20,"Margin of Error; $75,000 to $99,999: - With health insurance coverage - With public coverage"
HD01_VD21,"Estimate; $75,000 to $99,999: - No health insurance coverage"
HD02_VD21,"Margin of Error; $75,000 to $99,999: - No health insurance coverage"
HD01_VD22,"Estimate; $100,000 or more:"
HD02_VD22,"Margin of Error; $100,000 or more:"
HD01_VD23,"Estimate; $100,000 or more: - With health insurance coverage"
HD02_VD23,"Margin of Error; $100,000 or more: - With health insurance coverage"
HD01_VD24,"Estimate; $100,000 or more: - With health insurance coverage - With private health insurance"
HD02_VD24,"Margin of Error; $100,000 or more: - With health insurance coverage - With private health insurance"
HD01_VD25,"Estimate; $100,000 or more: - With health insurance coverage - With public coverage"
HD02_VD25,"Margin of Error; $100,000 or more: - With health insurance coverage - With public coverage"
HD01_VD26,"Estimate; $100,000 or more: - No health insurance coverage"
HD02_VD26,"Margin of Error; $100,000 or more: - No health insurance coverage"
